{
  "language": "Tay Nung",
  "corpus_stats": {
    "n_documents": 5078,
    "total_tokens": 2222320,
    "vocabulary_size": 10309,
    "script": "latin",
    "sentence_splitter": "Latin .!?…"
  },
  "text_metrics": {
    "word_count": {
      "mean": 437.636865,
      "median": 244.0,
      "std": 428.06232,
      "min": 20.0,
      "max": 3726.0,
      "q1": 131.0,
      "q3": 683.75
    },
    "unique_words": {
      "mean": 159.895628,
      "median": 127.0,
      "std": 115.561822,
      "min": 13.0,
      "max": 872.0,
      "q1": 80.0,
      "q3": 229.0
    },
    "char_count": {
      "mean": 1929.59551,
      "median": 1093.5,
      "std": 1882.026846,
      "min": 82.0,
      "max": 16670.0,
      "q1": 588.0,
      "q3": 2990.0
    },
    "sent_count": {
      "mean": 13.487003,
      "median": 8.0,
      "std": 14.799644,
      "min": 1.0,
      "max": 264.0,
      "q1": 4.0,
      "q3": 21.0
    },
    "para_count": {
      "mean": 15.725876,
      "median": 13.0,
      "std": 13.813328,
      "min": 5.0,
      "max": 287.0,
      "q1": 10.0,
      "q3": 18.0
    },
    "type_token_ratio": {
      "mean": 0.514437,
      "median": 0.458715,
      "std": 0.210009,
      "min": 0.142515,
      "max": 1.0,
      "q1": 0.34087,
      "q3": 0.66498
    },
    "avg_word_len": {
      "mean": 3.313542,
      "median": 3.311528,
      "std": 0.137354,
      "min": 1.689119,
      "max": 3.928571,
      "q1": 3.236103,
      "q3": 3.390073
    },
    "avg_sent_len": {
      "mean": 34.752933,
      "median": 33.048538,
      "std": 10.835511,
      "min": 10.0,
      "max": 202.333333,
      "q1": 28.166667,
      "q3": 39.165179
    }
  },
  "bpe_stats": {
    "model": "xlm-roberta-base",
    "special_tokens": "excluded",
    "total_bpe_tokens": 4169423,
    "unique_bpe_vocab": 7382,
    "bpe_token_count": {
      "mean": 821.075817,
      "median": 468.0,
      "std": 752.060505,
      "min": 26.0,
      "max": 5609.0,
      "q1": 253.25,
      "q3": 1328.0
    },
    "bpe_fertility": {
      "mean": 1.878785,
      "median": 1.936782,
      "std": 0.202557,
      "min": 1.17284,
      "max": 2.636364,
      "q1": 1.832854,
      "q3": 2.004233
    },
    "bpe_type_token_ratio": {
      "mean": 0.416683,
      "median": 0.371221,
      "std": 0.223242,
      "min": 0.098604,
      "max": 0.978261,
      "q1": 0.225556,
      "q3": 0.556997
    },
    "top_30_bpe_subwords": [
      {
        "token": "n",
        "count": 139187
      },
      {
        "token": ",",
        "count": 126429
      },
      {
        "token": "ng",
        "count": 93324
      },
      {
        "token": "y",
        "count": 93268
      },
      {
        "token": "▁p",
        "count": 81158
      },
      {
        "token": "ạ",
        "count": 67592
      },
      {
        "token": ".",
        "count": 59414
      },
      {
        "token": "a",
        "count": 57935
      },
      {
        "token": "ư",
        "count": 57286
      },
      {
        "token": "▁l",
        "count": 54761
      },
      {
        "token": "ả",
        "count": 53951
      },
      {
        "token": "c",
        "count": 48828
      },
      {
        "token": "ọ",
        "count": 48053
      },
      {
        "token": "i",
        "count": 47699
      },
      {
        "token": "▁đ",
        "count": 46292
      },
      {
        "token": "▁",
        "count": 44633
      },
      {
        "token": "m",
        "count": 42913
      },
      {
        "token": "▁n",
        "count": 40897
      },
      {
        "token": "▁bại",
        "count": 40087
      },
      {
        "token": "ẩ",
        "count": 39406
      },
      {
        "token": "ỉ",
        "count": 39215
      },
      {
        "token": "▁t",
        "count": 38649
      },
      {
        "token": "▁sl",
        "count": 38522
      },
      {
        "token": "▁m",
        "count": 38436
      },
      {
        "token": "▁hết",
        "count": 38363
      },
      {
        "token": "▁x",
        "count": 37471
      },
      {
        "token": "u",
        "count": 35861
      },
      {
        "token": "▁no",
        "count": 35378
      },
      {
        "token": "▁v",
        "count": 30323
      },
      {
        "token": "▁ch",
        "count": 28622
      }
    ]
  },
  "vocab_extension": {
    "fragmentation_ratio": {
      "mean": 1.878785,
      "median": 1.936782,
      "std": 0.202557,
      "min": 1.17284,
      "max": 2.636364,
      "q1": 1.832854,
      "q3": 2.004233
    },
    "long_split_ratio": {
      "mean": 0.041723,
      "median": 0.038295,
      "std": 0.025299,
      "min": 0.0,
      "max": 0.230769,
      "q1": 0.027037,
      "q3": 0.052632
    },
    "tokenizer_coverage": {
      "mean": 0.406912,
      "median": 0.379016,
      "std": 0.112039,
      "min": 0.033333,
      "max": 0.852399,
      "q1": 0.342105,
      "q3": 0.431231
    },
    "threshold_fragmentation": 2.0,
    "threshold_long_split": 0.3,
    "threshold_coverage": 0.5,
    "n_signals_triggered": 1,
    "signals": [
      "Tokenizer coverage 0.41 < 0.50 → <50% single-token words"
    ],
    "recommendation": "CONSIDER extending vocabulary — marginal signal"
  },
  "category_distribution": {
    "CHUONG_TRINH_PHAT_THANH_HANG_NGAY": 1574,
    "TIN_TUC_SU_KIEN": 1179,
    "AM_NHAC_TAY_NUNG": 496,
    "CA_NHAC_MOI": 287,
    "DU_LICH": 212,
    "BAN_CUA_NHA_NONG": 202,
    "TIM_HIEU_VAN_HOA_DAN_TOC_ANH_EM": 192,
    "NGUOI_TOT_VIEC_TOT": 191,
    "SUC_KHOE_VA_DOI_SONG": 173,
    "CHINH_SACH_PHAP_LUAT": 168,
    "DAN_CA": 158,
    "THINH_GIA_VOI_CHUONG_TRINH": 144,
    "CHUYEN_BAN_LANG": 102
  },
  "top_50_words": [
    {
      "word": "bại",
      "count": 43407
    },
    {
      "word": "hết",
      "count": 40012
    },
    {
      "word": "noọng",
      "count": 34817
    },
    {
      "word": "pỉ",
      "count": 33461
    },
    {
      "word": "đảy",
      "count": 29298
    },
    {
      "word": "cúa",
      "count": 28149
    },
    {
      "word": "dú",
      "count": 26154
    },
    {
      "word": "lẻ",
      "count": 24192
    },
    {
      "word": "cần",
      "count": 23168
    },
    {
      "word": "mì",
      "count": 22696
    },
    {
      "word": "chang",
      "count": 19800
    },
    {
      "word": "vạ",
      "count": 19250
    },
    {
      "word": "đây",
      "count": 18501
    },
    {
      "word": "lai",
      "count": 17851
    },
    {
      "word": "sle",
      "count": 17504
    },
    {
      "word": "hẩư",
      "count": 17054
    },
    {
      "word": "thâng",
      "count": 16087
    },
    {
      "word": "tỉ",
      "count": 14938
    },
    {
      "word": "lườn",
      "count": 13933
    },
    {
      "word": "kin",
      "count": 13915
    },
    {
      "word": "vằn",
      "count": 12783
    },
    {
      "word": "nẩy",
      "count": 12596
    },
    {
      "word": "pi",
      "count": 12389
    },
    {
      "word": "tàng",
      "count": 12243
    },
    {
      "word": "đạ",
      "count": 11551
    },
    {
      "word": "bản",
      "count": 11255
    },
    {
      "word": "xáu",
      "count": 11236
    },
    {
      "word": "slảnh",
      "count": 10928
    },
    {
      "word": "pây",
      "count": 10077
    },
    {
      "word": "pang",
      "count": 9905
    },
    {
      "word": "fấn",
      "count": 9669
    },
    {
      "word": "nặm",
      "count": 9625
    },
    {
      "word": "búng",
      "count": 9428
    },
    {
      "word": "có",
      "count": 9205
    },
    {
      "word": "pền",
      "count": 9138
    },
    {
      "word": "nắm",
      "count": 9099
    },
    {
      "word": "cạ",
      "count": 9038
    },
    {
      "word": "pửa",
      "count": 8972
    },
    {
      "word": "chắc",
      "count": 8475
    },
    {
      "word": "mừa",
      "count": 8266
    },
    {
      "word": "thình",
      "count": 8253
    },
    {
      "word": "chay",